Blog ID,Article Title,URL Slug,Primary Keyword,Secondary Keywords,Search Intent,Main Topic,Topic Cluster,Article Angle,Target Audience,Date Created,Internal Links Used,Hero Image Filename,Status
JE-BLOG-001,Full Stack Development Roadmap for Beginners in Jaipur,full-stack-development-roadmap-for-beginners-jaipur,Full Stack Development roadmap for beginners Jaipur,"Full Stack Development Jaipur, Full Stack Development guide, career guides, Jaipur Engineers",Career Guides,Full Stack Development,Development,"what to learn first, how to practice and how to move from basics to projects","Students, freshers and job-seekers in Jaipur",2026-09-14,full-stack-development-course-jaipur.php; courses.php,assets/images/blog/1.jpg,Published
JE-BLOG-002,Full Stack Development Skills Required for Jobs in Jaipur,full-stack-development-skills-required-for-jobs-jaipur,Full Stack Development skills required for jobs Jaipur,"Full Stack Development Jaipur, Full Stack Development guide, career guides, Jaipur Engineers",Career Guides,Full Stack Development,Development,"core skills, practical tools and project confidence needed before applying","Students, freshers and job-seekers in Jaipur",2026-09-13,full-stack-development-course-jaipur.php; courses.php,assets/images/blog/1.jpg,Published
JE-BLOG-003,Full Stack Development Course Selection Guide in Jaipur,full-stack-development-course-selection-guide-jaipur,Full Stack Development course selection guide Jaipur,"Full Stack Development Jaipur, Full Stack Development guide, course guidance, Jaipur Engineers",Course Guidance,Full Stack Development,Development,how students should choose a course based on background and career goal,"Students, freshers and job-seekers in Jaipur",2026-09-12,full-stack-development-course-jaipur.php; courses.php,assets/images/blog/1.jpg,Published
JE-BLOG-004,Full Stack Development Project Ideas for Students in Jaipur,full-stack-development-project-ideas-for-students-jaipur,Full Stack Development project ideas for students Jaipur,"Full Stack Development Jaipur, Full Stack Development guide, projects, Jaipur Engineers",Projects,Full Stack Development,Development,project ideas that help learners show real implementation skills,"Students, freshers and job-seekers in Jaipur",2026-09-11,full-stack-development-course-jaipur.php; courses.php,assets/images/blog/1.jpg,Published
JE-BLOG-005,Full Stack Development Interview Preparation Plan in Jaipur,full-stack-development-interview-preparation-plan-jaipur,Full Stack Development interview preparation plan Jaipur,"Full Stack Development Jaipur, Full Stack Development guide, interview questions, Jaipur Engineers",Interview Questions,Full Stack Development,Development,"concept revision, project explanation and interview practice topics","Students, freshers and job-seekers in Jaipur",2026-09-10,full-stack-development-course-jaipur.php; courses.php,assets/images/blog/1.jpg,Published
JE-BLOG-006,Full Stack Development Common Mistakes to Avoid in Jaipur,full-stack-development-common-mistakes-to-avoid-jaipur,Full Stack Development common mistakes to avoid Jaipur,"Full Stack Development Jaipur, Full Stack Development guide, learning tips, Jaipur Engineers",Learning Tips,Full Stack Development,Development,mistakes students make while learning and how to avoid them,"Students, freshers and job-seekers in Jaipur",2026-09-09,full-stack-development-course-jaipur.php; courses.php,assets/images/blog/1.jpg,Published
JE-BLOG-007,Full Stack Development Practical Training Benefits in Jaipur,full-stack-development-practical-training-benefits-jaipur,Full Stack Development practical training benefits Jaipur,"Full Stack Development Jaipur, Full Stack Development guide, course guidance, Jaipur Engineers",Course Guidance,Full Stack Development,Development,"why hands-on training, assignments and doubt support matter","Students, freshers and job-seekers in Jaipur",2026-09-08,full-stack-development-course-jaipur.php; courses.php,assets/images/blog/1.jpg,Published
JE-BLOG-008,Full Stack Development Portfolio Building Guide in Jaipur,full-stack-development-portfolio-building-guide-jaipur,Full Stack Development portfolio building guide Jaipur,"Full Stack Development Jaipur, Full Stack Development guide, projects, Jaipur Engineers",Projects,Full Stack Development,Development,"how learners can document projects, GitHub work and resume points","Students, freshers and job-seekers in Jaipur",2026-09-07,full-stack-development-course-jaipur.php; courses.php,assets/images/blog/1.jpg,Published
JE-BLOG-009,Full Stack Development Career Scope in Jaipur in Jaipur,full-stack-development-career-scope-in-jaipur-jaipur,Full Stack Development career scope in jaipur Jaipur,"Full Stack Development Jaipur, Full Stack Development guide, career guides, Jaipur Engineers",Career Guides,Full Stack Development,Development,"local career opportunities, internship paths and entry-level preparation","Students, freshers and job-seekers in Jaipur",2026-09-06,full-stack-development-course-jaipur.php; courses.php,assets/images/blog/1.jpg,Published
JE-BLOG-010,Full Stack Development Weekly Study Plan in Jaipur,full-stack-development-weekly-study-plan-jaipur,Full Stack Development weekly study plan Jaipur,"Full Stack Development Jaipur, Full Stack Development guide, learning tips, Jaipur Engineers",Learning Tips,Full Stack Development,Development,"a simple weekly plan for practice, revision, assignments and projects","Students, freshers and job-seekers in Jaipur",2026-09-05,full-stack-development-course-jaipur.php; courses.php,assets/images/blog/1.jpg,Published
JE-BLOG-011,Java Full Stack Roadmap for Beginners in Jaipur,java-full-stack-roadmap-for-beginners-jaipur,Java Full Stack roadmap for beginners Jaipur,"Java Full Stack Jaipur, Java Full Stack guide, career guides, Jaipur Engineers",Career Guides,Java Full Stack,Development,"what to learn first, how to practice and how to move from basics to projects","Students, freshers and job-seekers in Jaipur",2026-09-04,java-full-stack-course-jaipur.php; courses.php,assets/images/blog/2.jpg,Published
JE-BLOG-012,Java Full Stack Skills Required for Jobs in Jaipur,java-full-stack-skills-required-for-jobs-jaipur,Java Full Stack skills required for jobs Jaipur,"Java Full Stack Jaipur, Java Full Stack guide, career guides, Jaipur Engineers",Career Guides,Java Full Stack,Development,"core skills, practical tools and project confidence needed before applying","Students, freshers and job-seekers in Jaipur",2026-09-03,java-full-stack-course-jaipur.php; courses.php,assets/images/blog/2.jpg,Published
JE-BLOG-013,Java Full Stack Course Selection Guide in Jaipur,java-full-stack-course-selection-guide-jaipur,Java Full Stack course selection guide Jaipur,"Java Full Stack Jaipur, Java Full Stack guide, course guidance, Jaipur Engineers",Course Guidance,Java Full Stack,Development,how students should choose a course based on background and career goal,"Students, freshers and job-seekers in Jaipur",2026-09-02,java-full-stack-course-jaipur.php; courses.php,assets/images/blog/2.jpg,Published
JE-BLOG-014,Java Full Stack Project Ideas for Students in Jaipur,java-full-stack-project-ideas-for-students-jaipur,Java Full Stack project ideas for students Jaipur,"Java Full Stack Jaipur, Java Full Stack guide, projects, Jaipur Engineers",Projects,Java Full Stack,Development,project ideas that help learners show real implementation skills,"Students, freshers and job-seekers in Jaipur",2026-09-01,java-full-stack-course-jaipur.php; courses.php,assets/images/blog/2.jpg,Published
JE-BLOG-015,Java Full Stack Interview Preparation Plan in Jaipur,java-full-stack-interview-preparation-plan-jaipur,Java Full Stack interview preparation plan Jaipur,"Java Full Stack Jaipur, Java Full Stack guide, interview questions, Jaipur Engineers",Interview Questions,Java Full Stack,Development,"concept revision, project explanation and interview practice topics","Students, freshers and job-seekers in Jaipur",2026-08-31,java-full-stack-course-jaipur.php; courses.php,assets/images/blog/2.jpg,Published
JE-BLOG-016,Java Full Stack Common Mistakes to Avoid in Jaipur,java-full-stack-common-mistakes-to-avoid-jaipur,Java Full Stack common mistakes to avoid Jaipur,"Java Full Stack Jaipur, Java Full Stack guide, learning tips, Jaipur Engineers",Learning Tips,Java Full Stack,Development,mistakes students make while learning and how to avoid them,"Students, freshers and job-seekers in Jaipur",2026-08-30,java-full-stack-course-jaipur.php; courses.php,assets/images/blog/2.jpg,Published
JE-BLOG-017,Java Full Stack Practical Training Benefits in Jaipur,java-full-stack-practical-training-benefits-jaipur,Java Full Stack practical training benefits Jaipur,"Java Full Stack Jaipur, Java Full Stack guide, course guidance, Jaipur Engineers",Course Guidance,Java Full Stack,Development,"why hands-on training, assignments and doubt support matter","Students, freshers and job-seekers in Jaipur",2026-08-29,java-full-stack-course-jaipur.php; courses.php,assets/images/blog/2.jpg,Published
JE-BLOG-018,Java Full Stack Portfolio Building Guide in Jaipur,java-full-stack-portfolio-building-guide-jaipur,Java Full Stack portfolio building guide Jaipur,"Java Full Stack Jaipur, Java Full Stack guide, projects, Jaipur Engineers",Projects,Java Full Stack,Development,"how learners can document projects, GitHub work and resume points","Students, freshers and job-seekers in Jaipur",2026-08-28,java-full-stack-course-jaipur.php; courses.php,assets/images/blog/2.jpg,Published
JE-BLOG-019,Java Full Stack Career Scope in Jaipur in Jaipur,java-full-stack-career-scope-in-jaipur-jaipur,Java Full Stack career scope in jaipur Jaipur,"Java Full Stack Jaipur, Java Full Stack guide, career guides, Jaipur Engineers",Career Guides,Java Full Stack,Development,"local career opportunities, internship paths and entry-level preparation","Students, freshers and job-seekers in Jaipur",2026-08-27,java-full-stack-course-jaipur.php; courses.php,assets/images/blog/2.jpg,Published
JE-BLOG-020,Java Full Stack Weekly Study Plan in Jaipur,java-full-stack-weekly-study-plan-jaipur,Java Full Stack weekly study plan Jaipur,"Java Full Stack Jaipur, Java Full Stack guide, learning tips, Jaipur Engineers",Learning Tips,Java Full Stack,Development,"a simple weekly plan for practice, revision, assignments and projects","Students, freshers and job-seekers in Jaipur",2026-08-26,java-full-stack-course-jaipur.php; courses.php,assets/images/blog/2.jpg,Published
JE-BLOG-021,Python Programming Roadmap for Beginners in Jaipur,python-programming-roadmap-for-beginners-jaipur,Python Programming roadmap for beginners Jaipur,"Python Programming Jaipur, Python Programming guide, career guides, Jaipur Engineers",Career Guides,Python Programming,Programming,"what to learn first, how to practice and how to move from basics to projects","Students, freshers and job-seekers in Jaipur",2026-08-25,python-programming-course-jaipur.php; courses.php,assets/images/blog/3.jpg,Published
JE-BLOG-022,Python Programming Skills Required for Jobs in Jaipur,python-programming-skills-required-for-jobs-jaipur,Python Programming skills required for jobs Jaipur,"Python Programming Jaipur, Python Programming guide, career guides, Jaipur Engineers",Career Guides,Python Programming,Programming,"core skills, practical tools and project confidence needed before applying","Students, freshers and job-seekers in Jaipur",2026-08-24,python-programming-course-jaipur.php; courses.php,assets/images/blog/3.jpg,Published
JE-BLOG-023,Python Programming Course Selection Guide in Jaipur,python-programming-course-selection-guide-jaipur,Python Programming course selection guide Jaipur,"Python Programming Jaipur, Python Programming guide, course guidance, Jaipur Engineers",Course Guidance,Python Programming,Programming,how students should choose a course based on background and career goal,"Students, freshers and job-seekers in Jaipur",2026-08-23,python-programming-course-jaipur.php; courses.php,assets/images/blog/3.jpg,Published
JE-BLOG-024,Python Programming Project Ideas for Students in Jaipur,python-programming-project-ideas-for-students-jaipur,Python Programming project ideas for students Jaipur,"Python Programming Jaipur, Python Programming guide, projects, Jaipur Engineers",Projects,Python Programming,Programming,project ideas that help learners show real implementation skills,"Students, freshers and job-seekers in Jaipur",2026-08-22,python-programming-course-jaipur.php; courses.php,assets/images/blog/3.jpg,Published
JE-BLOG-025,Python Programming Interview Preparation Plan in Jaipur,python-programming-interview-preparation-plan-jaipur,Python Programming interview preparation plan Jaipur,"Python Programming Jaipur, Python Programming guide, interview questions, Jaipur Engineers",Interview Questions,Python Programming,Programming,"concept revision, project explanation and interview practice topics","Students, freshers and job-seekers in Jaipur",2026-08-21,python-programming-course-jaipur.php; courses.php,assets/images/blog/3.jpg,Published
JE-BLOG-026,Python Programming Common Mistakes to Avoid in Jaipur,python-programming-common-mistakes-to-avoid-jaipur,Python Programming common mistakes to avoid Jaipur,"Python Programming Jaipur, Python Programming guide, learning tips, Jaipur Engineers",Learning Tips,Python Programming,Programming,mistakes students make while learning and how to avoid them,"Students, freshers and job-seekers in Jaipur",2026-08-20,python-programming-course-jaipur.php; courses.php,assets/images/blog/3.jpg,Published
JE-BLOG-027,Python Programming Practical Training Benefits in Jaipur,python-programming-practical-training-benefits-jaipur,Python Programming practical training benefits Jaipur,"Python Programming Jaipur, Python Programming guide, course guidance, Jaipur Engineers",Course Guidance,Python Programming,Programming,"why hands-on training, assignments and doubt support matter","Students, freshers and job-seekers in Jaipur",2026-08-19,python-programming-course-jaipur.php; courses.php,assets/images/blog/3.jpg,Published
JE-BLOG-028,Python Programming Portfolio Building Guide in Jaipur,python-programming-portfolio-building-guide-jaipur,Python Programming portfolio building guide Jaipur,"Python Programming Jaipur, Python Programming guide, projects, Jaipur Engineers",Projects,Python Programming,Programming,"how learners can document projects, GitHub work and resume points","Students, freshers and job-seekers in Jaipur",2026-08-18,python-programming-course-jaipur.php; courses.php,assets/images/blog/3.jpg,Published
JE-BLOG-029,Python Programming Career Scope in Jaipur in Jaipur,python-programming-career-scope-in-jaipur-jaipur,Python Programming career scope in jaipur Jaipur,"Python Programming Jaipur, Python Programming guide, career guides, Jaipur Engineers",Career Guides,Python Programming,Programming,"local career opportunities, internship paths and entry-level preparation","Students, freshers and job-seekers in Jaipur",2026-08-17,python-programming-course-jaipur.php; courses.php,assets/images/blog/3.jpg,Published
JE-BLOG-030,Python Programming Weekly Study Plan in Jaipur,python-programming-weekly-study-plan-jaipur,Python Programming weekly study plan Jaipur,"Python Programming Jaipur, Python Programming guide, learning tips, Jaipur Engineers",Learning Tips,Python Programming,Programming,"a simple weekly plan for practice, revision, assignments and projects","Students, freshers and job-seekers in Jaipur",2026-08-16,python-programming-course-jaipur.php; courses.php,assets/images/blog/3.jpg,Published
JE-BLOG-031,Python Full Stack Roadmap for Beginners in Jaipur,python-full-stack-roadmap-for-beginners-jaipur,Python Full Stack roadmap for beginners Jaipur,"Python Full Stack Jaipur, Python Full Stack guide, career guides, Jaipur Engineers",Career Guides,Python Full Stack,Development,"what to learn first, how to practice and how to move from basics to projects","Students, freshers and job-seekers in Jaipur",2026-08-15,python-full-stack-course-jaipur.php; courses.php,assets/images/blog/4.jpg,Published
JE-BLOG-032,Python Full Stack Skills Required for Jobs in Jaipur,python-full-stack-skills-required-for-jobs-jaipur,Python Full Stack skills required for jobs Jaipur,"Python Full Stack Jaipur, Python Full Stack guide, career guides, Jaipur Engineers",Career Guides,Python Full Stack,Development,"core skills, practical tools and project confidence needed before applying","Students, freshers and job-seekers in Jaipur",2026-08-14,python-full-stack-course-jaipur.php; courses.php,assets/images/blog/4.jpg,Published
JE-BLOG-033,Python Full Stack Course Selection Guide in Jaipur,python-full-stack-course-selection-guide-jaipur,Python Full Stack course selection guide Jaipur,"Python Full Stack Jaipur, Python Full Stack guide, course guidance, Jaipur Engineers",Course Guidance,Python Full Stack,Development,how students should choose a course based on background and career goal,"Students, freshers and job-seekers in Jaipur",2026-08-13,python-full-stack-course-jaipur.php; courses.php,assets/images/blog/4.jpg,Published
JE-BLOG-034,Python Full Stack Project Ideas for Students in Jaipur,python-full-stack-project-ideas-for-students-jaipur,Python Full Stack project ideas for students Jaipur,"Python Full Stack Jaipur, Python Full Stack guide, projects, Jaipur Engineers",Projects,Python Full Stack,Development,project ideas that help learners show real implementation skills,"Students, freshers and job-seekers in Jaipur",2026-08-12,python-full-stack-course-jaipur.php; courses.php,assets/images/blog/4.jpg,Published
JE-BLOG-035,Python Full Stack Interview Preparation Plan in Jaipur,python-full-stack-interview-preparation-plan-jaipur,Python Full Stack interview preparation plan Jaipur,"Python Full Stack Jaipur, Python Full Stack guide, interview questions, Jaipur Engineers",Interview Questions,Python Full Stack,Development,"concept revision, project explanation and interview practice topics","Students, freshers and job-seekers in Jaipur",2026-08-11,python-full-stack-course-jaipur.php; courses.php,assets/images/blog/4.jpg,Published
JE-BLOG-036,Python Full Stack Common Mistakes to Avoid in Jaipur,python-full-stack-common-mistakes-to-avoid-jaipur,Python Full Stack common mistakes to avoid Jaipur,"Python Full Stack Jaipur, Python Full Stack guide, learning tips, Jaipur Engineers",Learning Tips,Python Full Stack,Development,mistakes students make while learning and how to avoid them,"Students, freshers and job-seekers in Jaipur",2026-08-10,python-full-stack-course-jaipur.php; courses.php,assets/images/blog/4.jpg,Published
JE-BLOG-037,Python Full Stack Practical Training Benefits in Jaipur,python-full-stack-practical-training-benefits-jaipur,Python Full Stack practical training benefits Jaipur,"Python Full Stack Jaipur, Python Full Stack guide, course guidance, Jaipur Engineers",Course Guidance,Python Full Stack,Development,"why hands-on training, assignments and doubt support matter","Students, freshers and job-seekers in Jaipur",2026-08-09,python-full-stack-course-jaipur.php; courses.php,assets/images/blog/4.jpg,Published
JE-BLOG-038,Python Full Stack Portfolio Building Guide in Jaipur,python-full-stack-portfolio-building-guide-jaipur,Python Full Stack portfolio building guide Jaipur,"Python Full Stack Jaipur, Python Full Stack guide, projects, Jaipur Engineers",Projects,Python Full Stack,Development,"how learners can document projects, GitHub work and resume points","Students, freshers and job-seekers in Jaipur",2026-08-08,python-full-stack-course-jaipur.php; courses.php,assets/images/blog/4.jpg,Published
JE-BLOG-039,Python Full Stack Career Scope in Jaipur in Jaipur,python-full-stack-career-scope-in-jaipur-jaipur,Python Full Stack career scope in jaipur Jaipur,"Python Full Stack Jaipur, Python Full Stack guide, career guides, Jaipur Engineers",Career Guides,Python Full Stack,Development,"local career opportunities, internship paths and entry-level preparation","Students, freshers and job-seekers in Jaipur",2026-08-07,python-full-stack-course-jaipur.php; courses.php,assets/images/blog/4.jpg,Published
JE-BLOG-040,Python Full Stack Weekly Study Plan in Jaipur,python-full-stack-weekly-study-plan-jaipur,Python Full Stack weekly study plan Jaipur,"Python Full Stack Jaipur, Python Full Stack guide, learning tips, Jaipur Engineers",Learning Tips,Python Full Stack,Development,"a simple weekly plan for practice, revision, assignments and projects","Students, freshers and job-seekers in Jaipur",2026-08-06,python-full-stack-course-jaipur.php; courses.php,assets/images/blog/4.jpg,Published
JE-BLOG-041,Data Science Roadmap for Beginners in Jaipur,data-science-roadmap-for-beginners-jaipur,Data Science roadmap for beginners Jaipur,"Data Science Jaipur, Data Science guide, career guides, Jaipur Engineers",Career Guides,Data Science,Data and AI,"what to learn first, how to practice and how to move from basics to projects","Students, freshers and job-seekers in Jaipur",2026-08-05,data-science-course-jaipur.php; courses.php,assets/images/blog/5.jpg,Published
JE-BLOG-042,Data Science Skills Required for Jobs in Jaipur,data-science-skills-required-for-jobs-jaipur,Data Science skills required for jobs Jaipur,"Data Science Jaipur, Data Science guide, career guides, Jaipur Engineers",Career Guides,Data Science,Data and AI,"core skills, practical tools and project confidence needed before applying","Students, freshers and job-seekers in Jaipur",2026-08-04,data-science-course-jaipur.php; courses.php,assets/images/blog/5.jpg,Published
JE-BLOG-043,Data Science Course Selection Guide in Jaipur,data-science-course-selection-guide-jaipur,Data Science course selection guide Jaipur,"Data Science Jaipur, Data Science guide, course guidance, Jaipur Engineers",Course Guidance,Data Science,Data and AI,how students should choose a course based on background and career goal,"Students, freshers and job-seekers in Jaipur",2026-08-03,data-science-course-jaipur.php; courses.php,assets/images/blog/5.jpg,Published
JE-BLOG-044,Data Science Project Ideas for Students in Jaipur,data-science-project-ideas-for-students-jaipur,Data Science project ideas for students Jaipur,"Data Science Jaipur, Data Science guide, projects, Jaipur Engineers",Projects,Data Science,Data and AI,project ideas that help learners show real implementation skills,"Students, freshers and job-seekers in Jaipur",2026-08-02,data-science-course-jaipur.php; courses.php,assets/images/blog/5.jpg,Published
JE-BLOG-045,Data Science Interview Preparation Plan in Jaipur,data-science-interview-preparation-plan-jaipur,Data Science interview preparation plan Jaipur,"Data Science Jaipur, Data Science guide, interview questions, Jaipur Engineers",Interview Questions,Data Science,Data and AI,"concept revision, project explanation and interview practice topics","Students, freshers and job-seekers in Jaipur",2026-08-01,data-science-course-jaipur.php; courses.php,assets/images/blog/5.jpg,Published
JE-BLOG-046,Data Science Common Mistakes to Avoid in Jaipur,data-science-common-mistakes-to-avoid-jaipur,Data Science common mistakes to avoid Jaipur,"Data Science Jaipur, Data Science guide, learning tips, Jaipur Engineers",Learning Tips,Data Science,Data and AI,mistakes students make while learning and how to avoid them,"Students, freshers and job-seekers in Jaipur",2026-07-31,data-science-course-jaipur.php; courses.php,assets/images/blog/5.jpg,Published
JE-BLOG-047,Data Science Practical Training Benefits in Jaipur,data-science-practical-training-benefits-jaipur,Data Science practical training benefits Jaipur,"Data Science Jaipur, Data Science guide, course guidance, Jaipur Engineers",Course Guidance,Data Science,Data and AI,"why hands-on training, assignments and doubt support matter","Students, freshers and job-seekers in Jaipur",2026-07-30,data-science-course-jaipur.php; courses.php,assets/images/blog/5.jpg,Published
JE-BLOG-048,Data Science Portfolio Building Guide in Jaipur,data-science-portfolio-building-guide-jaipur,Data Science portfolio building guide Jaipur,"Data Science Jaipur, Data Science guide, projects, Jaipur Engineers",Projects,Data Science,Data and AI,"how learners can document projects, GitHub work and resume points","Students, freshers and job-seekers in Jaipur",2026-07-29,data-science-course-jaipur.php; courses.php,assets/images/blog/5.jpg,Published
JE-BLOG-049,Data Science Career Scope in Jaipur in Jaipur,data-science-career-scope-in-jaipur-jaipur,Data Science career scope in jaipur Jaipur,"Data Science Jaipur, Data Science guide, career guides, Jaipur Engineers",Career Guides,Data Science,Data and AI,"local career opportunities, internship paths and entry-level preparation","Students, freshers and job-seekers in Jaipur",2026-07-28,data-science-course-jaipur.php; courses.php,assets/images/blog/5.jpg,Published
JE-BLOG-050,Data Science Weekly Study Plan in Jaipur,data-science-weekly-study-plan-jaipur,Data Science weekly study plan Jaipur,"Data Science Jaipur, Data Science guide, learning tips, Jaipur Engineers",Learning Tips,Data Science,Data and AI,"a simple weekly plan for practice, revision, assignments and projects","Students, freshers and job-seekers in Jaipur",2026-07-27,data-science-course-jaipur.php; courses.php,assets/images/blog/5.jpg,Published
JE-BLOG-051,Artificial Intelligence Roadmap for Beginners in Jaipur,artificial-intelligence-roadmap-for-beginners-jaipur,Artificial Intelligence roadmap for beginners Jaipur,"Artificial Intelligence Jaipur, Artificial Intelligence guide, career guides, Jaipur Engineers",Career Guides,Artificial Intelligence,Data and AI,"what to learn first, how to practice and how to move from basics to projects","Students, freshers and job-seekers in Jaipur",2026-07-26,artificial-intelligence-course-jaipur.php; courses.php,assets/images/blog/6.jpg,Published
JE-BLOG-052,Artificial Intelligence Skills Required for Jobs in Jaipur,artificial-intelligence-skills-required-for-jobs-jaipur,Artificial Intelligence skills required for jobs Jaipur,"Artificial Intelligence Jaipur, Artificial Intelligence guide, career guides, Jaipur Engineers",Career Guides,Artificial Intelligence,Data and AI,"core skills, practical tools and project confidence needed before applying","Students, freshers and job-seekers in Jaipur",2026-07-25,artificial-intelligence-course-jaipur.php; courses.php,assets/images/blog/6.jpg,Published
JE-BLOG-053,Artificial Intelligence Course Selection Guide in Jaipur,artificial-intelligence-course-selection-guide-jaipur,Artificial Intelligence course selection guide Jaipur,"Artificial Intelligence Jaipur, Artificial Intelligence guide, course guidance, Jaipur Engineers",Course Guidance,Artificial Intelligence,Data and AI,how students should choose a course based on background and career goal,"Students, freshers and job-seekers in Jaipur",2026-07-24,artificial-intelligence-course-jaipur.php; courses.php,assets/images/blog/6.jpg,Published
JE-BLOG-054,Artificial Intelligence Project Ideas for Students in Jaipur,artificial-intelligence-project-ideas-for-students-jaipur,Artificial Intelligence project ideas for students Jaipur,"Artificial Intelligence Jaipur, Artificial Intelligence guide, projects, Jaipur Engineers",Projects,Artificial Intelligence,Data and AI,project ideas that help learners show real implementation skills,"Students, freshers and job-seekers in Jaipur",2026-07-23,artificial-intelligence-course-jaipur.php; courses.php,assets/images/blog/6.jpg,Published
JE-BLOG-055,Artificial Intelligence Interview Preparation Plan in Jaipur,artificial-intelligence-interview-preparation-plan-jaipur,Artificial Intelligence interview preparation plan Jaipur,"Artificial Intelligence Jaipur, Artificial Intelligence guide, interview questions, Jaipur Engineers",Interview Questions,Artificial Intelligence,Data and AI,"concept revision, project explanation and interview practice topics","Students, freshers and job-seekers in Jaipur",2026-07-22,artificial-intelligence-course-jaipur.php; courses.php,assets/images/blog/6.jpg,Published
JE-BLOG-056,Artificial Intelligence Common Mistakes to Avoid in Jaipur,artificial-intelligence-common-mistakes-to-avoid-jaipur,Artificial Intelligence common mistakes to avoid Jaipur,"Artificial Intelligence Jaipur, Artificial Intelligence guide, learning tips, Jaipur Engineers",Learning Tips,Artificial Intelligence,Data and AI,mistakes students make while learning and how to avoid them,"Students, freshers and job-seekers in Jaipur",2026-07-21,artificial-intelligence-course-jaipur.php; courses.php,assets/images/blog/6.jpg,Published
JE-BLOG-057,Artificial Intelligence Practical Training Benefits in Jaipur,artificial-intelligence-practical-training-benefits-jaipur,Artificial Intelligence practical training benefits Jaipur,"Artificial Intelligence Jaipur, Artificial Intelligence guide, course guidance, Jaipur Engineers",Course Guidance,Artificial Intelligence,Data and AI,"why hands-on training, assignments and doubt support matter","Students, freshers and job-seekers in Jaipur",2026-07-20,artificial-intelligence-course-jaipur.php; courses.php,assets/images/blog/6.jpg,Published
JE-BLOG-058,Artificial Intelligence Portfolio Building Guide in Jaipur,artificial-intelligence-portfolio-building-guide-jaipur,Artificial Intelligence portfolio building guide Jaipur,"Artificial Intelligence Jaipur, Artificial Intelligence guide, projects, Jaipur Engineers",Projects,Artificial Intelligence,Data and AI,"how learners can document projects, GitHub work and resume points","Students, freshers and job-seekers in Jaipur",2026-07-19,artificial-intelligence-course-jaipur.php; courses.php,assets/images/blog/6.jpg,Published
JE-BLOG-059,Artificial Intelligence Career Scope in Jaipur in Jaipur,artificial-intelligence-career-scope-in-jaipur-jaipur,Artificial Intelligence career scope in jaipur Jaipur,"Artificial Intelligence Jaipur, Artificial Intelligence guide, career guides, Jaipur Engineers",Career Guides,Artificial Intelligence,Data and AI,"local career opportunities, internship paths and entry-level preparation","Students, freshers and job-seekers in Jaipur",2026-07-18,artificial-intelligence-course-jaipur.php; courses.php,assets/images/blog/6.jpg,Published
JE-BLOG-060,Artificial Intelligence Weekly Study Plan in Jaipur,artificial-intelligence-weekly-study-plan-jaipur,Artificial Intelligence weekly study plan Jaipur,"Artificial Intelligence Jaipur, Artificial Intelligence guide, learning tips, Jaipur Engineers",Learning Tips,Artificial Intelligence,Data and AI,"a simple weekly plan for practice, revision, assignments and projects","Students, freshers and job-seekers in Jaipur",2026-07-17,artificial-intelligence-course-jaipur.php; courses.php,assets/images/blog/6.jpg,Published
JE-BLOG-061,Cloud Computing Roadmap for Beginners in Jaipur,cloud-computing-roadmap-for-beginners-jaipur,Cloud Computing roadmap for beginners Jaipur,"Cloud Computing Jaipur, Cloud Computing guide, career guides, Jaipur Engineers",Career Guides,Cloud Computing,Cloud,"what to learn first, how to practice and how to move from basics to projects","Students, freshers and job-seekers in Jaipur",2026-07-16,cloud-computing-course-jaipur.php; courses.php,assets/images/blog/inner/1.jpg,Published
JE-BLOG-062,Cloud Computing Skills Required for Jobs in Jaipur,cloud-computing-skills-required-for-jobs-jaipur,Cloud Computing skills required for jobs Jaipur,"Cloud Computing Jaipur, Cloud Computing guide, career guides, Jaipur Engineers",Career Guides,Cloud Computing,Cloud,"core skills, practical tools and project confidence needed before applying","Students, freshers and job-seekers in Jaipur",2026-07-15,cloud-computing-course-jaipur.php; courses.php,assets/images/blog/inner/1.jpg,Published
JE-BLOG-063,Cloud Computing Course Selection Guide in Jaipur,cloud-computing-course-selection-guide-jaipur,Cloud Computing course selection guide Jaipur,"Cloud Computing Jaipur, Cloud Computing guide, course guidance, Jaipur Engineers",Course Guidance,Cloud Computing,Cloud,how students should choose a course based on background and career goal,"Students, freshers and job-seekers in Jaipur",2026-07-14,cloud-computing-course-jaipur.php; courses.php,assets/images/blog/inner/1.jpg,Published
JE-BLOG-064,Cloud Computing Project Ideas for Students in Jaipur,cloud-computing-project-ideas-for-students-jaipur,Cloud Computing project ideas for students Jaipur,"Cloud Computing Jaipur, Cloud Computing guide, projects, Jaipur Engineers",Projects,Cloud Computing,Cloud,project ideas that help learners show real implementation skills,"Students, freshers and job-seekers in Jaipur",2026-07-13,cloud-computing-course-jaipur.php; courses.php,assets/images/blog/inner/1.jpg,Published
JE-BLOG-065,Cloud Computing Interview Preparation Plan in Jaipur,cloud-computing-interview-preparation-plan-jaipur,Cloud Computing interview preparation plan Jaipur,"Cloud Computing Jaipur, Cloud Computing guide, interview questions, Jaipur Engineers",Interview Questions,Cloud Computing,Cloud,"concept revision, project explanation and interview practice topics","Students, freshers and job-seekers in Jaipur",2026-07-12,cloud-computing-course-jaipur.php; courses.php,assets/images/blog/inner/1.jpg,Published
JE-BLOG-066,Cloud Computing Common Mistakes to Avoid in Jaipur,cloud-computing-common-mistakes-to-avoid-jaipur,Cloud Computing common mistakes to avoid Jaipur,"Cloud Computing Jaipur, Cloud Computing guide, learning tips, Jaipur Engineers",Learning Tips,Cloud Computing,Cloud,mistakes students make while learning and how to avoid them,"Students, freshers and job-seekers in Jaipur",2026-07-11,cloud-computing-course-jaipur.php; courses.php,assets/images/blog/inner/1.jpg,Published
JE-BLOG-067,Cloud Computing Practical Training Benefits in Jaipur,cloud-computing-practical-training-benefits-jaipur,Cloud Computing practical training benefits Jaipur,"Cloud Computing Jaipur, Cloud Computing guide, course guidance, Jaipur Engineers",Course Guidance,Cloud Computing,Cloud,"why hands-on training, assignments and doubt support matter","Students, freshers and job-seekers in Jaipur",2026-07-10,cloud-computing-course-jaipur.php; courses.php,assets/images/blog/inner/1.jpg,Published
JE-BLOG-068,Cloud Computing Portfolio Building Guide in Jaipur,cloud-computing-portfolio-building-guide-jaipur,Cloud Computing portfolio building guide Jaipur,"Cloud Computing Jaipur, Cloud Computing guide, projects, Jaipur Engineers",Projects,Cloud Computing,Cloud,"how learners can document projects, GitHub work and resume points","Students, freshers and job-seekers in Jaipur",2026-07-09,cloud-computing-course-jaipur.php; courses.php,assets/images/blog/inner/1.jpg,Published
JE-BLOG-069,Cloud Computing Career Scope in Jaipur in Jaipur,cloud-computing-career-scope-in-jaipur-jaipur,Cloud Computing career scope in jaipur Jaipur,"Cloud Computing Jaipur, Cloud Computing guide, career guides, Jaipur Engineers",Career Guides,Cloud Computing,Cloud,"local career opportunities, internship paths and entry-level preparation","Students, freshers and job-seekers in Jaipur",2026-07-08,cloud-computing-course-jaipur.php; courses.php,assets/images/blog/inner/1.jpg,Published
JE-BLOG-070,Cloud Computing Weekly Study Plan in Jaipur,cloud-computing-weekly-study-plan-jaipur,Cloud Computing weekly study plan Jaipur,"Cloud Computing Jaipur, Cloud Computing guide, learning tips, Jaipur Engineers",Learning Tips,Cloud Computing,Cloud,"a simple weekly plan for practice, revision, assignments and projects","Students, freshers and job-seekers in Jaipur",2026-07-07,cloud-computing-course-jaipur.php; courses.php,assets/images/blog/inner/1.jpg,Published
JE-BLOG-071,Cyber Security Roadmap for Beginners in Jaipur,cyber-security-roadmap-for-beginners-jaipur,Cyber Security roadmap for beginners Jaipur,"Cyber Security Jaipur, Cyber Security guide, career guides, Jaipur Engineers",Career Guides,Cyber Security,Security,"what to learn first, how to practice and how to move from basics to projects","Students, freshers and job-seekers in Jaipur",2026-07-06,cyber-security-course-jaipur.php; courses.php,assets/images/blog/inner/2.jpg,Published
JE-BLOG-072,Cyber Security Skills Required for Jobs in Jaipur,cyber-security-skills-required-for-jobs-jaipur,Cyber Security skills required for jobs Jaipur,"Cyber Security Jaipur, Cyber Security guide, career guides, Jaipur Engineers",Career Guides,Cyber Security,Security,"core skills, practical tools and project confidence needed before applying","Students, freshers and job-seekers in Jaipur",2026-07-05,cyber-security-course-jaipur.php; courses.php,assets/images/blog/inner/2.jpg,Published
JE-BLOG-073,Cyber Security Course Selection Guide in Jaipur,cyber-security-course-selection-guide-jaipur,Cyber Security course selection guide Jaipur,"Cyber Security Jaipur, Cyber Security guide, course guidance, Jaipur Engineers",Course Guidance,Cyber Security,Security,how students should choose a course based on background and career goal,"Students, freshers and job-seekers in Jaipur",2026-07-04,cyber-security-course-jaipur.php; courses.php,assets/images/blog/inner/2.jpg,Published
JE-BLOG-074,Cyber Security Project Ideas for Students in Jaipur,cyber-security-project-ideas-for-students-jaipur,Cyber Security project ideas for students Jaipur,"Cyber Security Jaipur, Cyber Security guide, projects, Jaipur Engineers",Projects,Cyber Security,Security,project ideas that help learners show real implementation skills,"Students, freshers and job-seekers in Jaipur",2026-07-03,cyber-security-course-jaipur.php; courses.php,assets/images/blog/inner/2.jpg,Published
JE-BLOG-075,Cyber Security Interview Preparation Plan in Jaipur,cyber-security-interview-preparation-plan-jaipur,Cyber Security interview preparation plan Jaipur,"Cyber Security Jaipur, Cyber Security guide, interview questions, Jaipur Engineers",Interview Questions,Cyber Security,Security,"concept revision, project explanation and interview practice topics","Students, freshers and job-seekers in Jaipur",2026-07-02,cyber-security-course-jaipur.php; courses.php,assets/images/blog/inner/2.jpg,Published
JE-BLOG-076,Cyber Security Common Mistakes to Avoid in Jaipur,cyber-security-common-mistakes-to-avoid-jaipur,Cyber Security common mistakes to avoid Jaipur,"Cyber Security Jaipur, Cyber Security guide, learning tips, Jaipur Engineers",Learning Tips,Cyber Security,Security,mistakes students make while learning and how to avoid them,"Students, freshers and job-seekers in Jaipur",2026-07-01,cyber-security-course-jaipur.php; courses.php,assets/images/blog/inner/2.jpg,Published
JE-BLOG-077,Cyber Security Practical Training Benefits in Jaipur,cyber-security-practical-training-benefits-jaipur,Cyber Security practical training benefits Jaipur,"Cyber Security Jaipur, Cyber Security guide, course guidance, Jaipur Engineers",Course Guidance,Cyber Security,Security,"why hands-on training, assignments and doubt support matter","Students, freshers and job-seekers in Jaipur",2026-06-30,cyber-security-course-jaipur.php; courses.php,assets/images/blog/inner/2.jpg,Published
JE-BLOG-078,Cyber Security Portfolio Building Guide in Jaipur,cyber-security-portfolio-building-guide-jaipur,Cyber Security portfolio building guide Jaipur,"Cyber Security Jaipur, Cyber Security guide, projects, Jaipur Engineers",Projects,Cyber Security,Security,"how learners can document projects, GitHub work and resume points","Students, freshers and job-seekers in Jaipur",2026-06-29,cyber-security-course-jaipur.php; courses.php,assets/images/blog/inner/2.jpg,Published
JE-BLOG-079,Cyber Security Career Scope in Jaipur in Jaipur,cyber-security-career-scope-in-jaipur-jaipur,Cyber Security career scope in jaipur Jaipur,"Cyber Security Jaipur, Cyber Security guide, career guides, Jaipur Engineers",Career Guides,Cyber Security,Security,"local career opportunities, internship paths and entry-level preparation","Students, freshers and job-seekers in Jaipur",2026-06-28,cyber-security-course-jaipur.php; courses.php,assets/images/blog/inner/2.jpg,Published
JE-BLOG-080,Cyber Security Weekly Study Plan in Jaipur,cyber-security-weekly-study-plan-jaipur,Cyber Security weekly study plan Jaipur,"Cyber Security Jaipur, Cyber Security guide, learning tips, Jaipur Engineers",Learning Tips,Cyber Security,Security,"a simple weekly plan for practice, revision, assignments and projects","Students, freshers and job-seekers in Jaipur",2026-06-27,cyber-security-course-jaipur.php; courses.php,assets/images/blog/inner/2.jpg,Published
JE-BLOG-081,Digital Marketing Roadmap for Beginners in Jaipur,digital-marketing-roadmap-for-beginners-jaipur,Digital Marketing roadmap for beginners Jaipur,"Digital Marketing Jaipur, Digital Marketing guide, career guides, Jaipur Engineers",Career Guides,Digital Marketing,Marketing,"what to learn first, how to practice and how to move from basics to projects","Students, freshers and job-seekers in Jaipur",2026-06-26,digital-marketing-course-jaipur.php; courses.php,assets/images/blog/inner/3.jpg,Published
JE-BLOG-082,Digital Marketing Skills Required for Jobs in Jaipur,digital-marketing-skills-required-for-jobs-jaipur,Digital Marketing skills required for jobs Jaipur,"Digital Marketing Jaipur, Digital Marketing guide, career guides, Jaipur Engineers",Career Guides,Digital Marketing,Marketing,"core skills, practical tools and project confidence needed before applying","Students, freshers and job-seekers in Jaipur",2026-06-25,digital-marketing-course-jaipur.php; courses.php,assets/images/blog/inner/3.jpg,Published
JE-BLOG-083,Digital Marketing Course Selection Guide in Jaipur,digital-marketing-course-selection-guide-jaipur,Digital Marketing course selection guide Jaipur,"Digital Marketing Jaipur, Digital Marketing guide, course guidance, Jaipur Engineers",Course Guidance,Digital Marketing,Marketing,how students should choose a course based on background and career goal,"Students, freshers and job-seekers in Jaipur",2026-06-24,digital-marketing-course-jaipur.php; courses.php,assets/images/blog/inner/3.jpg,Published
JE-BLOG-084,Digital Marketing Project Ideas for Students in Jaipur,digital-marketing-project-ideas-for-students-jaipur,Digital Marketing project ideas for students Jaipur,"Digital Marketing Jaipur, Digital Marketing guide, projects, Jaipur Engineers",Projects,Digital Marketing,Marketing,project ideas that help learners show real implementation skills,"Students, freshers and job-seekers in Jaipur",2026-06-23,digital-marketing-course-jaipur.php; courses.php,assets/images/blog/inner/3.jpg,Published
JE-BLOG-085,Digital Marketing Interview Preparation Plan in Jaipur,digital-marketing-interview-preparation-plan-jaipur,Digital Marketing interview preparation plan Jaipur,"Digital Marketing Jaipur, Digital Marketing guide, interview questions, Jaipur Engineers",Interview Questions,Digital Marketing,Marketing,"concept revision, project explanation and interview practice topics","Students, freshers and job-seekers in Jaipur",2026-06-22,digital-marketing-course-jaipur.php; courses.php,assets/images/blog/inner/3.jpg,Published
JE-BLOG-086,Digital Marketing Common Mistakes to Avoid in Jaipur,digital-marketing-common-mistakes-to-avoid-jaipur,Digital Marketing common mistakes to avoid Jaipur,"Digital Marketing Jaipur, Digital Marketing guide, learning tips, Jaipur Engineers",Learning Tips,Digital Marketing,Marketing,mistakes students make while learning and how to avoid them,"Students, freshers and job-seekers in Jaipur",2026-06-21,digital-marketing-course-jaipur.php; courses.php,assets/images/blog/inner/3.jpg,Published
JE-BLOG-087,Digital Marketing Practical Training Benefits in Jaipur,digital-marketing-practical-training-benefits-jaipur,Digital Marketing practical training benefits Jaipur,"Digital Marketing Jaipur, Digital Marketing guide, course guidance, Jaipur Engineers",Course Guidance,Digital Marketing,Marketing,"why hands-on training, assignments and doubt support matter","Students, freshers and job-seekers in Jaipur",2026-06-20,digital-marketing-course-jaipur.php; courses.php,assets/images/blog/inner/3.jpg,Published
JE-BLOG-088,Digital Marketing Portfolio Building Guide in Jaipur,digital-marketing-portfolio-building-guide-jaipur,Digital Marketing portfolio building guide Jaipur,"Digital Marketing Jaipur, Digital Marketing guide, projects, Jaipur Engineers",Projects,Digital Marketing,Marketing,"how learners can document projects, GitHub work and resume points","Students, freshers and job-seekers in Jaipur",2026-06-19,digital-marketing-course-jaipur.php; courses.php,assets/images/blog/inner/3.jpg,Published
JE-BLOG-089,Digital Marketing Career Scope in Jaipur in Jaipur,digital-marketing-career-scope-in-jaipur-jaipur,Digital Marketing career scope in jaipur Jaipur,"Digital Marketing Jaipur, Digital Marketing guide, career guides, Jaipur Engineers",Career Guides,Digital Marketing,Marketing,"local career opportunities, internship paths and entry-level preparation","Students, freshers and job-seekers in Jaipur",2026-06-18,digital-marketing-course-jaipur.php; courses.php,assets/images/blog/inner/3.jpg,Published
JE-BLOG-090,Digital Marketing Weekly Study Plan in Jaipur,digital-marketing-weekly-study-plan-jaipur,Digital Marketing weekly study plan Jaipur,"Digital Marketing Jaipur, Digital Marketing guide, learning tips, Jaipur Engineers",Learning Tips,Digital Marketing,Marketing,"a simple weekly plan for practice, revision, assignments and projects","Students, freshers and job-seekers in Jaipur",2026-06-17,digital-marketing-course-jaipur.php; courses.php,assets/images/blog/inner/3.jpg,Published
JE-BLOG-091,Software Testing Roadmap for Beginners in Jaipur,software-testing-roadmap-for-beginners-jaipur,Software Testing roadmap for beginners Jaipur,"Software Testing Jaipur, Software Testing guide, career guides, Jaipur Engineers",Career Guides,Software Testing,Testing,"what to learn first, how to practice and how to move from basics to projects","Students, freshers and job-seekers in Jaipur",2026-06-16,courses.php?q=software+testing; courses.php,assets/images/blog/inner/4.jpg,Published
JE-BLOG-092,Software Testing Skills Required for Jobs in Jaipur,software-testing-skills-required-for-jobs-jaipur,Software Testing skills required for jobs Jaipur,"Software Testing Jaipur, Software Testing guide, career guides, Jaipur Engineers",Career Guides,Software Testing,Testing,"core skills, practical tools and project confidence needed before applying","Students, freshers and job-seekers in Jaipur",2026-06-15,courses.php?q=software+testing; courses.php,assets/images/blog/inner/4.jpg,Published
JE-BLOG-093,Software Testing Course Selection Guide in Jaipur,software-testing-course-selection-guide-jaipur,Software Testing course selection guide Jaipur,"Software Testing Jaipur, Software Testing guide, course guidance, Jaipur Engineers",Course Guidance,Software Testing,Testing,how students should choose a course based on background and career goal,"Students, freshers and job-seekers in Jaipur",2026-06-14,courses.php?q=software+testing; courses.php,assets/images/blog/inner/4.jpg,Published
JE-BLOG-094,Software Testing Project Ideas for Students in Jaipur,software-testing-project-ideas-for-students-jaipur,Software Testing project ideas for students Jaipur,"Software Testing Jaipur, Software Testing guide, projects, Jaipur Engineers",Projects,Software Testing,Testing,project ideas that help learners show real implementation skills,"Students, freshers and job-seekers in Jaipur",2026-06-13,courses.php?q=software+testing; courses.php,assets/images/blog/inner/4.jpg,Published
JE-BLOG-095,Software Testing Interview Preparation Plan in Jaipur,software-testing-interview-preparation-plan-jaipur,Software Testing interview preparation plan Jaipur,"Software Testing Jaipur, Software Testing guide, interview questions, Jaipur Engineers",Interview Questions,Software Testing,Testing,"concept revision, project explanation and interview practice topics","Students, freshers and job-seekers in Jaipur",2026-06-12,courses.php?q=software+testing; courses.php,assets/images/blog/inner/4.jpg,Published
JE-BLOG-096,Software Testing Common Mistakes to Avoid in Jaipur,software-testing-common-mistakes-to-avoid-jaipur,Software Testing common mistakes to avoid Jaipur,"Software Testing Jaipur, Software Testing guide, learning tips, Jaipur Engineers",Learning Tips,Software Testing,Testing,mistakes students make while learning and how to avoid them,"Students, freshers and job-seekers in Jaipur",2026-06-11,courses.php?q=software+testing; courses.php,assets/images/blog/inner/4.jpg,Published
JE-BLOG-097,Software Testing Practical Training Benefits in Jaipur,software-testing-practical-training-benefits-jaipur,Software Testing practical training benefits Jaipur,"Software Testing Jaipur, Software Testing guide, course guidance, Jaipur Engineers",Course Guidance,Software Testing,Testing,"why hands-on training, assignments and doubt support matter","Students, freshers and job-seekers in Jaipur",2026-06-10,courses.php?q=software+testing; courses.php,assets/images/blog/inner/4.jpg,Published
JE-BLOG-098,Software Testing Portfolio Building Guide in Jaipur,software-testing-portfolio-building-guide-jaipur,Software Testing portfolio building guide Jaipur,"Software Testing Jaipur, Software Testing guide, projects, Jaipur Engineers",Projects,Software Testing,Testing,"how learners can document projects, GitHub work and resume points","Students, freshers and job-seekers in Jaipur",2026-06-09,courses.php?q=software+testing; courses.php,assets/images/blog/inner/4.jpg,Published
JE-BLOG-099,Software Testing Career Scope in Jaipur in Jaipur,software-testing-career-scope-in-jaipur-jaipur,Software Testing career scope in jaipur Jaipur,"Software Testing Jaipur, Software Testing guide, career guides, Jaipur Engineers",Career Guides,Software Testing,Testing,"local career opportunities, internship paths and entry-level preparation","Students, freshers and job-seekers in Jaipur",2026-06-08,courses.php?q=software+testing; courses.php,assets/images/blog/inner/4.jpg,Published
JE-BLOG-100,Software Testing Weekly Study Plan in Jaipur,software-testing-weekly-study-plan-jaipur,Software Testing weekly study plan Jaipur,"Software Testing Jaipur, Software Testing guide, learning tips, Jaipur Engineers",Learning Tips,Software Testing,Testing,"a simple weekly plan for practice, revision, assignments and projects","Students, freshers and job-seekers in Jaipur",2026-06-07,courses.php?q=software+testing; courses.php,assets/images/blog/inner/4.jpg,Published
JE-BLOG-101,How to Debug NullPointerException in Java: A Practical Guide for Students,java-nullpointerexception-debugging-guide,Java NullPointerException debugging,fix NullPointerException Java; Java null pointer error; Java debugging for beginners; Objects.requireNonNull; Optional Java,Troubleshooting / Tutorial,NullPointerException in Java,Java Programming,"Diagnose the exact null source using stack traces and debugger inspection, then fix the underlying contract or data flow instead of adding random null checks.","Java beginners, college students, freshers and backend learners",2026-09-24,core-java-course-jaipur.php; spring-boot-course-jaipur.php; java-full-stack-course-jaipur.php,java-nullpointerexception-debugging-jaipur-engineers.webp,Draft
